cohort_month,cohort_user_count,month_1_retained_users,month_1_retention_rate
2019_10,347118,91286,0.26298261686227736
2019_11,350352,77596,0.2214801114307896
2019_12,347286,52744,0.1518748236323952
2020_01,215886,39630,0.18356910591701175
2020_02,225048,42792,0.1901461021648715
2020_03,258674,39144,0.1513256067482623
2020_04,320535,0,0.0
