cohort_month,0,1,2,3,4,5,6
2019_10,1.0,0.26298261686227736,0.21927701818977985,0.13732217862513613,0.12702596811458927,0.12206799993085925,0.08079673194706123
2019_11,1.0,0.2214801114307896,0.12218568753710554,0.11482451934054894,0.11064586473032835,0.07672283874503356,
2019_12,1.0,0.1518748236323952,0.12484234895734352,0.11954988107784362,0.08117229027372252,,
2020_01,1.0,0.18356910591701175,0.13602549493714275,0.0879306671113458,,,
2020_02,1.0,0.1901461021648715,0.10382673918452952,,,,
2020_03,1.0,0.1513256067482623,,,,,
2020_04,1.0,,,,,,
