dataset_type,row_count,purchase_count,purchase_ratio
train,1310243,75502.0,0.05762442539284698
valid,378088,25207.0,0.06666966420515859
test,348290,23606.0,0.06777685262281433
