dataset_type,session_month,session_count,purchase_session_count,purchase_session_ratio,avg_view_count,avg_cart_count,avg_pre_purchase_event_count,avg_cart_view_ratio,avg_user_hist_purchase_count,avg_user_hist_active_month_count,avg_user_hist_purchase_month_count,old_customer_ratio
train,2019_10,185576,12596.0,0.06787515627020735,4.289724964435056,0.0945758072164504,4.384300771651507,0.04133877118023111,0.0,0.0,0.0,0.0
train,2019_11,275725,15640.0,0.05672318433221507,4.553123583280443,0.21579834980505938,4.768921933085502,0.07828640214297644,0.4342805331399039,0.5480351799800526,0.11873424607852026,0.11873424607852026
train,2019_12,311451,19457.0,0.06247210636665158,3.947333609460236,0.2062667963820954,4.153600405842331,0.08257578335677093,0.7001550805744724,0.9737872089028451,0.20149236958622704,0.16431156104812636
train,2020_01,274590,13728.0,0.049994537310171526,3.7385447394296953,0.17195455042062713,3.910499289850322,0.07041864877591758,1.1695327579300048,1.3536254051494956,0.28496303579882737,0.19932262646126953
train,2020_02,262901,14081.0,0.05356008535532387,3.795272745253917,0.17854249318184412,3.973815238435761,0.07201875918097156,1.4971262946888753,1.7737399249147017,0.3412881655071681,0.21164240531606954
valid,2020_03,378088,25207.0,0.06666966420515859,4.072036139734665,0.21213579907323163,4.284171938807897,0.08563279852099694,1.8354933243054528,2.172224455682275,0.4160459998730454,0.23936755464336346
test,2020_04,348290,23606.0,0.06777685262281433,5.220617875908007,0.25502885526429125,5.475646731172299,0.09112977603247496,1.3188492348330414,2.269947457578455,0.43312182376755004,0.24257371730454505
