event_month,new_purchase_user_count,repeat_purchase_user_count,total_purchase_user_count,repeat_user_ratio
2019_10,347118,0,347118,0.0
2019_11,350352,91286,441638,0.20669869893442142
2019_12,347286,153711,500997,0.30681022042048156
2020_01,215886,143219,359105,0.39882207153896493
2020_02,225048,167308,392356,0.42641886450060656
2020_03,258674,194813,453487,0.4295889408075645
2020_04,320535,164609,485144,0.33929925960127305
